district,spi_raw,spi_score,ndvi_raw,ndvi_score,lst_raw,lst_score,sm_raw,sm_score,cdi,stress_level,run_id,generated_at
Kgalagadi,0,100,0.0428,98.3,-11.43,100,0.0437,95.5,98.8,Severe,20260823_2137,2026-08-23T21:42:17.852637+00:00
Southern,0,100,0.0416,100,-11.58,92.7,0.0459,93.9,97.3,Severe,20260823_2137,2026-08-23T21:42:17.853182+00:00
Kweneng,0,100,0.059,75.5,-12.32,56.2,0.0399,98.1,86,Severe,20260823_2137,2026-08-23T21:42:17.853182+00:00
Ghanzi,0,100,0.0611,72.6,-12.42,51.2,0.0372,100,84.8,Severe,20260823_2137,2026-08-23T21:42:17.852637+00:00
South-East,0,100,0.0847,39.2,-12.23,60.7,0.1129,47.3,69.4,High,20260823_2137,2026-08-23T21:42:17.853182+00:00
Central,0,100,0.091,30.4,-12.81,32.4,0.0936,60.7,64.7,High,20260823_2137,2026-08-23T21:42:17.845235+00:00
Ngamiland,0,100,0.1117,1.2,-13.14,16.1,0.0394,98.4,63.1,High,20260823_2137,2026-08-23T21:42:17.853182+00:00
Kgatleng,0,100,0.0845,39.6,-13.46,0,0.073,75.1,62.9,High,20260823_2137,2026-08-23T21:42:17.852637+00:00
North East,0,100,0.1126,0,-12.84,30.9,0.1808,0,46.2,Moderate,20260823_2137,2026-08-23T21:42:17.853182+00:00
